display_name,stub,dropdown_parent
Home,/, 
Archive,#, 
About the Archive,/archive/about/,Archive
Browse,/browse.html,Archive
Contribute,/archive/contribute/,Archive
Classroom,#,
About the Classroom,/classroom/,Classroom
Teaching Partners,/classroom/partners/,Classroom
Resources for Teachers,/classroom/resources-teachers/,Classroom
Resources for Students & Researchers,/classroom/resources-students/,Classroom
Featured Student Projects,/classroom/featured-projects/,Classroom
Exhibits,#,
About Exhibits,/exhibits/,Exhibits
Early Caribbean Slave Narratives,/exhibits/early-caribbean/,Exhibits
Visualizing Natural History,/exhibits/natural-history/,Exhibits
Obeah: “Magical Art of Resistance”,/exhibits/obeah/,Exhibits
The Jamaican Airs,/exhibits/jamaican-airs/,Exhibits
Carnival: Introduction,/exhibits/carnival-intro/,Exhibits
About,#,
About,/about/,About
Who We Are,/about/credit/,About
Decolonizing the Archive,/about/decolonizing-the-archive/,About
Projects We Love,/about/resources/,About
Contact Us,/about/contact/,About
Blog,/blog/, 
